<?xml version="1.0" encoding="utf-8"?>
<!DOCTYPE hibernate-mapping PUBLIC "-//Hibernate/Hibernate Mapping DTD 3.0//EN"
"http://hibernate.sourceforge.net/hibernate-mapping-3.0.dtd">
<!-- 
    Mapping file autogenerated by MyEclipse Persistence Tools
-->
<hibernate-mapping>
    <class name="com.dog.model.Customer" table="t_customer" catalog="dog">
        <id name="customerid" type="java.lang.Integer">
            <column name="customerid" />
            <generator class="increment"></generator>
        </id>
        <property name="name" type="java.lang.String">
            <column name="name" length="20" not-null="true" />
        </property>
        <property name="address" type="java.lang.String">
            <column name="address" length="40" not-null="true" />
        </property>
        <property name="password" type="java.lang.String">
            <column name="password" length="16" not-null="true" />
        </property>
        <set name="orders" inverse="true">
            <key>
                <column name="customer" />
            </key>
            <one-to-many class="com.dog.model.Order" />
        </set>
        <set name="orders_1" inverse="true">
            <key>
                <column name="customer" />
            </key>
            <one-to-many class="com.dog.model.Order" />
        </set>
    </class>
</hibernate-mapping>
