<?xml version="1.0" encoding="utf-8"?>
<!DOCTYPE hibernate-mapping PUBLIC "-//Hibernate/Hibernate Mapping DTD 3.0//EN"
"http://hibernate.sourceforge.net/hibernate-mapping-3.0.dtd">
<!-- 
    Mapping file autogenerated by MyEclipse Persistence Tools
-->
<hibernate-mapping>
    <class name="com.dog.model.Dog" table="t_dog" catalog="dog">
        <id name="dogid" type="java.lang.Integer">
            <column name="dogid" />
            <generator class="increment"></generator>
        </id>
        <property name="dogname" type="java.lang.String">
            <column name="dogname" length="40" />
        </property>
        <property name="unitprice" type="java.lang.Double">
            <column name="unitprice" precision="22" scale="0">
                <comment>单价</comment>
            </column>
        </property>
        <set name="orders" inverse="true">
            <key>
                <column name="dog" not-null="true" />
            </key>
            <one-to-many class="com.dog.model.Order" />
        </set>
        <set name="orders_1" inverse="true">
            <key>
                <column name="dog" not-null="true" />
            </key>
            <one-to-many class="com.dog.model.Order" />
        </set>
    </class>
</hibernate-mapping>
