<?xml version="1.0" encoding="utf-8"?>
<!DOCTYPE hibernate-mapping PUBLIC "-//Hibernate/Hibernate Mapping DTD 3.0//EN"
"http://hibernate.sourceforge.net/hibernate-mapping-3.0.dtd">
<!-- 
    Mapping file autogenerated by MyEclipse Persistence Tools
-->
<hibernate-mapping>
    <class name="com.dog.model.Order" table="t_order" catalog="dog">
        <id name="orderid" type="java.lang.Integer">
            <column name="orderid" />
            <generator class="increment"></generator>
        </id>
        <many-to-one name="customer" class="com.dog.model.Customer" fetch="select" lazy="false">
            <column name="customer" />
        </many-to-one>
        <many-to-one name="dog" class="com.dog.model.Dog" fetch="select" lazy="false">
            <column name="dog" not-null="true" />
        </many-to-one>
        <property name="dognum" type="java.lang.Integer">
            <column name="dognum" />
        </property>
        <property name="total" type="java.lang.Double">
            <column name="total" precision="22" scale="0" />
        </property>
    </class>
</hibernate-mapping>
